BEGIN TRANSACTION;
CREATE TABLE IF NOT EXISTS "mtmMoto" (
	"id"	INTEGER NOT NULL PRIMARY KEY AUTOINCREMENT UNIQUE,
	"model"	TEXT NOT NULL,
	"brand"	TEXT NOT NULL,
	"year"	INTEGER NOT NULL,
	"km"	INTEGER NOT NULL,
	"idConfiguration"	INTEGER NOT NULL,
	"kmsPerMonth"	INTEGER NOT NULL,
	"dateKms"	TEXT NOT NULL,
	"datePurchase"	TEXT NOT NULL,
	FOREIGN KEY("idConfiguration") REFERENCES "mtmConfiguration"("id")
);
CREATE TABLE IF NOT EXISTS "mtmMaintenance" (
	"id"	INTEGER NOT NULL PRIMARY KEY AUTOINCREMENT UNIQUE,
	"description"	TEXT NOT NULL,
	"idMaintenanceElement"	INTEGER NOT NULL,
	"idMaintenanceFrec"	BLOB NOT NULL,
	"km"	INTEGER NOT NULL,
	"time"	INTEGER,
	"init"	TEXT NOT NULL,
	"wear"	TEXT NOT NULL,
	"master"	TEXT NOT NULL,
	FOREIGN KEY("idMaintenanceElement") REFERENCES "mtmMaintenanceElement"("id"),
	FOREIGN KEY("idMaintenanceFrec") REFERENCES "mtmMaintenanceFreq"("id")
);
CREATE TABLE IF NOT EXISTS "mtmConfiguration" (
	"id"	INTEGER NOT NULL PRIMARY KEY AUTOINCREMENT UNIQUE,
	"name"	TEXT NOT NULL UNIQUE,
	"description"	TEXT NOT NULL,
	"master"	TEXT NOT NULL
);
CREATE TABLE IF NOT EXISTS "mtmMaintenanceElement" (
	"id"	INTEGER NOT NULL PRIMARY KEY AUTOINCREMENT UNIQUE,
	"name"	TEXT NOT NULL,
	"description"	TEXT,
	"master"	TEXT NOT NULL
);
CREATE TABLE IF NOT EXISTS "mtmConfigMaintenance" (
	"id"	INTEGER NOT NULL PRIMARY KEY AUTOINCREMENT UNIQUE,
	"idConfiguration"	INTEGER NOT NULL,
	"idMaintenance"	INTEGER NOT NULL,
	FOREIGN KEY("idConfiguration") REFERENCES "mtmConfiguration"("id"),
	FOREIGN KEY("idMaintenance") REFERENCES "mtmMaintenance"("id")
);
CREATE TABLE IF NOT EXISTS "mtmOpMaintElem" (
	"id"	INTEGER NOT NULL PRIMARY KEY AUTOINCREMENT UNIQUE,
	"idOperation"	INTEGER NOT NULL,
	"idMaintenanceElement"	INTEGER NOT NULL,
	FOREIGN KEY("idMaintenanceElement") REFERENCES "mtmMaintenanceElement"("id"),
	FOREIGN KEY("idOperation") REFERENCES "mtmOperation"("id")
);
CREATE TABLE IF NOT EXISTS "mtmOperation" (
	"id"	INTEGER NOT NULL PRIMARY KEY AUTOINCREMENT UNIQUE,
	"description"	TEXT NOT NULL,
	"details"	TEXT NOT NULL,
	"idOperationType"	INTEGER NOT NULL,
	"idMoto"	INTEGER NOT NULL,
	"km"	REAL NOT NULL,
	"date"	TEXT NOT NULL,
	"location"	TEXT,
	"owner"	TEXT,
	"price"	REAL NOT NULL,
	"document"	BLOB,
	FOREIGN KEY("idMoto") REFERENCES "mtmMoto"("id"),
	FOREIGN KEY("idOperationType") REFERENCES "mtmOperationType"("id")
);
CREATE TABLE IF NOT EXISTS "mtmMaintenanceFreq" (
	"id"	INTEGER NOT NULL PRIMARY KEY AUTOINCREMENT UNIQUE,
	"code"	TEXT NOT NULL UNIQUE,
	"description"	TEXT NOT NULL
);
CREATE TABLE IF NOT EXISTS "mtmOperationType" (
	"id"	INTEGER NOT NULL PRIMARY KEY AUTOINCREMENT UNIQUE,
	"code"	TEXT NOT NULL UNIQUE,
	"description"	TEXT NOT NULL
);
INSERT INTO "mtmMoto" ("id","model","brand","year","km","idConfiguration","kmsPerMonth","dateKms","datePurchase") VALUES (1,'R6','Yamaha',2005,85300,2,150,'2020-04-07','2006-09-12');
INSERT INTO "mtmMoto" ("id","model","brand","year","km","idConfiguration","kmsPerMonth","dateKms","datePurchase") VALUES (2,'GT 125 R','Hyosung',2006,75600,1,30,'2020-04-07','2006-03-15');
INSERT INTO "mtmMaintenance" ("id","description","idMaintenanceElement","idMaintenanceFrec","km","time","init","wear","master") VALUES (1,'FIRST_CHANGE_ENGINE_OIL',3,'1',1000,6,'Y','N','Y');
INSERT INTO "mtmMaintenance" ("id","description","idMaintenanceElement","idMaintenanceFrec","km","time","init","wear","master") VALUES (2,'FIRST_CHANGE_OIL_FILTER',5,'1',1000,6,'Y','N','Y');
INSERT INTO "mtmMaintenance" ("id","description","idMaintenanceElement","idMaintenanceFrec","km","time","init","wear","master") VALUES (3,'CHANGE_AIR_FILTER',4,'2',16000,24,'N','N','Y');
INSERT INTO "mtmMaintenance" ("id","description","idMaintenanceElement","idMaintenanceFrec","km","time","init","wear","master") VALUES (4,'CHANGE_ENGINE_OIL',3,'2',8000,12,'N','N','Y');
INSERT INTO "mtmMaintenance" ("id","description","idMaintenanceElement","idMaintenanceFrec","km","time","init","wear","master") VALUES (5,'CHANGE_OIL_FILTER',5,'2',8000,12,'N','N','Y');
INSERT INTO "mtmMaintenance" ("id","description","idMaintenanceElement","idMaintenanceFrec","km","time","init","wear","master") VALUES (6,'ADJUST_VALVES',16,2,40000,48,'N','Y','Y');
INSERT INTO "mtmMaintenance" ("id","description","idMaintenanceElement","idMaintenanceFrec","km","time","init","wear","master") VALUES (7,'FIRST_CHANGE_OIL_PLUG_GASTEK',17,1,1000,6,'Y','N','Y');
INSERT INTO "mtmMaintenance" ("id","description","idMaintenanceElement","idMaintenanceFrec","km","time","init","wear","master") VALUES (8,'CHANGE_OIL_PLUG_GASTEK',17,2,8000,12,'N','N','Y');
INSERT INTO "mtmMaintenance" ("id","description","idMaintenanceElement","idMaintenanceFrec","km","time","init","wear","master") VALUES (9,'CHANGE_SPARK_PLUG',6,2,20000,24,'N','Y','Y');
INSERT INTO "mtmMaintenance" ("id","description","idMaintenanceElement","idMaintenanceFrec","km","time","init","wear","master") VALUES (10,'CHANGE_COOLANT',8,2,40000,36,'N','N','Y');
INSERT INTO "mtmMaintenance" ("id","description","idMaintenanceElement","idMaintenanceFrec","km","time","init","wear","master") VALUES (11,'CHANGE_FRONT_BRAKE_FLUID',7,2,16000,36,'N','N','Y');
INSERT INTO "mtmMaintenance" ("id","description","idMaintenanceElement","idMaintenanceFrec","km","time","init","wear","master") VALUES (12,'CHANGE_BACK_BRAKE_FLUID',12,2,16000,36,'N','N','Y');
INSERT INTO "mtmMaintenance" ("id","description","idMaintenanceElement","idMaintenanceFrec","km","time","init","wear","master") VALUES (13,'CHANGE_FRONT_BRAKE_PADS',11,2,20000,48,'N','Y','Y');
INSERT INTO "mtmMaintenance" ("id","description","idMaintenanceElement","idMaintenanceFrec","km","time","init","wear","master") VALUES (14,'CHANGE_BACK_BRAKE_PADS',13,2,30000,48,'N','Y','Y');
INSERT INTO "mtmMaintenance" ("id","description","idMaintenanceElement","idMaintenanceFrec","km","time","init","wear","master") VALUES (15,'CHANGE_CLUTCH_DISC',26,2,50000,48,'N','Y','Y');
INSERT INTO "mtmMaintenance" ("id","description","idMaintenanceElement","idMaintenanceFrec","km","time","init","wear","master") VALUES (16,'CHANGE_FRONT_WHEEL',1,2,20000,72,'N','Y','Y');
INSERT INTO "mtmMaintenance" ("id","description","idMaintenanceElement","idMaintenanceFrec","km","time","init","wear","master") VALUES (17,'CHANGE_BACK_WHEEL',2,2,15000,72,'N','Y','Y');
INSERT INTO "mtmMaintenance" ("id","description","idMaintenanceElement","idMaintenanceFrec","km","time","init","wear","master") VALUES (18,'CHANGE_FRONT_WHEEL_VALVE',28,2,40000,72,'N','Y','Y');
INSERT INTO "mtmMaintenance" ("id","description","idMaintenanceElement","idMaintenanceFrec","km","time","init","wear","master") VALUES (19,'CHANGE_BACK_WHEEL_VALVE',29,2,30000,72,'N','Y','Y');
INSERT INTO "mtmMaintenance" ("id","description","idMaintenanceElement","idMaintenanceFrec","km","time","init","wear","master") VALUES (20,'CHANGE_THERMOSTAT',9,2,50000,84,'N','Y','Y');
INSERT INTO "mtmMaintenance" ("id","description","idMaintenanceElement","idMaintenanceFrec","km","time","init","wear","master") VALUES (21,'CHANGE_DRAG_KIT',10,2,30000,48,'N','Y','Y');
INSERT INTO "mtmMaintenance" ("id","description","idMaintenanceElement","idMaintenanceFrec","km","time","init","wear","master") VALUES (22,'CHANGE_RADIATOR',14,2,50000,84,'N','Y','Y');
INSERT INTO "mtmMaintenance" ("id","description","idMaintenanceElement","idMaintenanceFrec","km","time","init","wear","master") VALUES (23,'CHANGE_CAP_RADIATOR',15,2,50000,84,'N','Y','Y');
INSERT INTO "mtmMaintenance" ("id","description","idMaintenanceElement","idMaintenanceFrec","km","time","init","wear","master") VALUES (24,'CHANGE_BATTERY',24,2,40000,48,'N','Y','Y');
INSERT INTO "mtmMaintenance" ("id","description","idMaintenanceElement","idMaintenanceFrec","km","time","init","wear","master") VALUES (25,'CHANGE_RIGHT_DUMPER_SEALS',30,2,30000,48,'N','Y','Y');
INSERT INTO "mtmMaintenance" ("id","description","idMaintenanceElement","idMaintenanceFrec","km","time","init","wear","master") VALUES (26,'CHANGE_LEFT_DUMPER_SEALS',31,2,30000,48,'N','Y','Y');
INSERT INTO "mtmMaintenance" ("id","description","idMaintenanceElement","idMaintenanceFrec","km","time","init","wear","master") VALUES (27,'CHANGE_CLUTCH_WIRE',25,2,50000,48,'N','Y','Y');
INSERT INTO "mtmMaintenance" ("id","description","idMaintenanceElement","idMaintenanceFrec","km","time","init","wear","master") VALUES (28,'CHANGE_STEERING_BEARING_KIT',20,2,50000,60,'N','Y','Y');
INSERT INTO "mtmConfiguration" ("id","name","description","master") VALUES (1,'Fabrica','Configuraci칩n de f치brica','Y');
INSERT INTO "mtmConfiguration" ("id","name","description","master") VALUES (2,'Yamaha','Configuraci칩n de Yamaha','N');
INSERT INTO "mtmMaintenanceElement" ("id","name","description","master") VALUES (1,'FRONT_WHEEL','CHANGE_FRONT_WHEEL','Y');
INSERT INTO "mtmMaintenanceElement" ("id","name","description","master") VALUES (2,'BACK_WHEEL','CHANGE_BACK_WHEEL','Y');
INSERT INTO "mtmMaintenanceElement" ("id","name","description","master") VALUES (3,'ENGINE_OIL','CHANGE_ENGINE_OIL','Y');
INSERT INTO "mtmMaintenanceElement" ("id","name","description","master") VALUES (4,'AIR_FILTER','CHANGE_AIR_FILTER','Y');
INSERT INTO "mtmMaintenanceElement" ("id","name","description","master") VALUES (5,'OIL_FILTER','CHANGE_OIL_FILTER','Y');
INSERT INTO "mtmMaintenanceElement" ("id","name","description","master") VALUES (6,'SPARK_PLUG','CHANGE_SPARK_PLUG','Y');
INSERT INTO "mtmMaintenanceElement" ("id","name","description","master") VALUES (7,'FRONT_BRAKE_FLUID','CHANGE_FRONT_BRAKE_FLUID','Y');
INSERT INTO "mtmMaintenanceElement" ("id","name","description","master") VALUES (8,'COOLANT','CHANGE_COOLANT','Y');
INSERT INTO "mtmMaintenanceElement" ("id","name","description","master") VALUES (9,'THERMOSTAT','CHANGE_THERMOSTAT','Y');
INSERT INTO "mtmMaintenanceElement" ("id","name","description","master") VALUES (10,'DRAG_KIT','CHANGE_DRAG_KIT','Y');
INSERT INTO "mtmMaintenanceElement" ("id","name","description","master") VALUES (11,'FRONT_BRAKE_PADS','CHANGE_FRONT_BRAKE_PADS','Y');
INSERT INTO "mtmMaintenanceElement" ("id","name","description","master") VALUES (12,'BACK_BRAKE_FLUID','CHANGE_BACK_BRAKE_FLUID','Y');
INSERT INTO "mtmMaintenanceElement" ("id","name","description","master") VALUES (13,'BACK_BRAKE_PADS','CHANGE_BACK_BRAKE_PADS','Y');
INSERT INTO "mtmMaintenanceElement" ("id","name","description","master") VALUES (14,'RADIATOR','CHANGE_RADIATOR','Y');
INSERT INTO "mtmMaintenanceElement" ("id","name","description","master") VALUES (15,'CAP_RADIATOR','CHANGE_CAP_RADIATOR','Y');
INSERT INTO "mtmMaintenanceElement" ("id","name","description","master") VALUES (16,'VALVE_PADS','CHANGE_VALVE_PADS','Y');
INSERT INTO "mtmMaintenanceElement" ("id","name","description","master") VALUES (17,'OIL_PLUG_GASTEK','CHANGE_OIL_PLUG_GASTEK','Y');
INSERT INTO "mtmMaintenanceElement" ("id","name","description","master") VALUES (18,'CARBURATOR','CHANGE_CARBURATOR','Y');
INSERT INTO "mtmMaintenanceElement" ("id","name","description","master") VALUES (19,'INJECTOR','CHANGE_INJECTOR','Y');
INSERT INTO "mtmMaintenanceElement" ("id","name","description","master") VALUES (20,'STEERING_BEARING_KIT','CHANGE_STEERING_BEARING_KIT','Y');
INSERT INTO "mtmMaintenanceElement" ("id","name","description","master") VALUES (22,'FRONT_BRAKE_DISC','CHANGE_FRONT_BRAKE_DISC','Y');
INSERT INTO "mtmMaintenanceElement" ("id","name","description","master") VALUES (23,'BACK_BRAKE_DISC','CHANGE_BACK_BRAKE_DISC','Y');
INSERT INTO "mtmMaintenanceElement" ("id","name","description","master") VALUES (24,'BATTERY','CHANGE_BATTERY','Y');
INSERT INTO "mtmMaintenanceElement" ("id","name","description","master") VALUES (25,'CLUTCH_DISC','CHANGE_CLUTCH_DISC','Y');
INSERT INTO "mtmMaintenanceElement" ("id","name","description","master") VALUES (26,'CLUTCH_WIRE','CHANGE_CLUTCH_WIRE','Y');
INSERT INTO "mtmMaintenanceElement" ("id","name","description","master") VALUES (27,'PETROL_FILTER','CHANGE_PETROL_FILTER','Y');
INSERT INTO "mtmMaintenanceElement" ("id","name","description","master") VALUES (28,'FRONT_WHEEL_VALVE','CHANGE_FRONT_WHEEL_VALVE','Y');
INSERT INTO "mtmMaintenanceElement" ("id","name","description","master") VALUES (29,'BACK_WHEEL_VALVE','CHANGE_BACK_WHEEL_VALVE','Y');
INSERT INTO "mtmMaintenanceElement" ("id","name","description","master") VALUES (30,'RIGHT_DUMPER_SEALS','CHANGE_RIGHT_DUMPER_SEALS','Y');
INSERT INTO "mtmMaintenanceElement" ("id","name","description","master") VALUES (31,'LEFT_DUMPER_SEALS','CHANGE_LEFT_DUMPER_SEALS','Y');
INSERT INTO "mtmConfigMaintenance" ("id","idConfiguration","idMaintenance") VALUES (1,1,1);
INSERT INTO "mtmConfigMaintenance" ("id","idConfiguration","idMaintenance") VALUES (2,1,2);
INSERT INTO "mtmConfigMaintenance" ("id","idConfiguration","idMaintenance") VALUES (3,1,3);
INSERT INTO "mtmConfigMaintenance" ("id","idConfiguration","idMaintenance") VALUES (4,1,4);
INSERT INTO "mtmConfigMaintenance" ("id","idConfiguration","idMaintenance") VALUES (5,1,5);
INSERT INTO "mtmConfigMaintenance" ("id","idConfiguration","idMaintenance") VALUES (6,1,6);
INSERT INTO "mtmConfigMaintenance" ("id","idConfiguration","idMaintenance") VALUES (7,1,7);
INSERT INTO "mtmConfigMaintenance" ("id","idConfiguration","idMaintenance") VALUES (8,1,8);
INSERT INTO "mtmConfigMaintenance" ("id","idConfiguration","idMaintenance") VALUES (9,1,9);
INSERT INTO "mtmConfigMaintenance" ("id","idConfiguration","idMaintenance") VALUES (10,1,10);
INSERT INTO "mtmConfigMaintenance" ("id","idConfiguration","idMaintenance") VALUES (11,1,11);
INSERT INTO "mtmConfigMaintenance" ("id","idConfiguration","idMaintenance") VALUES (12,1,12);
INSERT INTO "mtmConfigMaintenance" ("id","idConfiguration","idMaintenance") VALUES (13,1,13);
INSERT INTO "mtmConfigMaintenance" ("id","idConfiguration","idMaintenance") VALUES (14,1,14);
INSERT INTO "mtmConfigMaintenance" ("id","idConfiguration","idMaintenance") VALUES (15,1,15);
INSERT INTO "mtmConfigMaintenance" ("id","idConfiguration","idMaintenance") VALUES (16,1,16);
INSERT INTO "mtmConfigMaintenance" ("id","idConfiguration","idMaintenance") VALUES (17,1,17);
INSERT INTO "mtmConfigMaintenance" ("id","idConfiguration","idMaintenance") VALUES (18,1,18);
INSERT INTO "mtmConfigMaintenance" ("id","idConfiguration","idMaintenance") VALUES (19,1,19);
INSERT INTO "mtmConfigMaintenance" ("id","idConfiguration","idMaintenance") VALUES (20,1,20);
INSERT INTO "mtmConfigMaintenance" ("id","idConfiguration","idMaintenance") VALUES (21,1,21);
INSERT INTO "mtmConfigMaintenance" ("id","idConfiguration","idMaintenance") VALUES (22,1,22);
INSERT INTO "mtmConfigMaintenance" ("id","idConfiguration","idMaintenance") VALUES (23,1,23);
INSERT INTO "mtmConfigMaintenance" ("id","idConfiguration","idMaintenance") VALUES (24,1,24);
INSERT INTO "mtmConfigMaintenance" ("id","idConfiguration","idMaintenance") VALUES (25,1,25);
INSERT INTO "mtmConfigMaintenance" ("id","idConfiguration","idMaintenance") VALUES (26,1,26);
INSERT INTO "mtmConfigMaintenance" ("id","idConfiguration","idMaintenance") VALUES (27,1,27);
INSERT INTO "mtmOpMaintElem" ("id","idOperation","idMaintenanceElement") VALUES (1,2,3);
INSERT INTO "mtmOpMaintElem" ("id","idOperation","idMaintenanceElement") VALUES (2,2,5);
INSERT INTO "mtmOpMaintElem" ("id","idOperation","idMaintenanceElement") VALUES (3,2,11);
INSERT INTO "mtmOpMaintElem" ("id","idOperation","idMaintenanceElement") VALUES (4,2,17);
INSERT INTO "mtmOpMaintElem" ("id","idOperation","idMaintenanceElement") VALUES (5,3,3);
INSERT INTO "mtmOpMaintElem" ("id","idOperation","idMaintenanceElement") VALUES (6,3,4);
INSERT INTO "mtmOpMaintElem" ("id","idOperation","idMaintenanceElement") VALUES (7,3,17);
INSERT INTO "mtmOpMaintElem" ("id","idOperation","idMaintenanceElement") VALUES (8,3,18);
INSERT INTO "mtmOpMaintElem" ("id","idOperation","idMaintenanceElement") VALUES (9,4,3);
INSERT INTO "mtmOpMaintElem" ("id","idOperation","idMaintenanceElement") VALUES (10,4,5);
INSERT INTO "mtmOpMaintElem" ("id","idOperation","idMaintenanceElement") VALUES (11,4,11);
INSERT INTO "mtmOpMaintElem" ("id","idOperation","idMaintenanceElement") VALUES (12,4,13);
INSERT INTO "mtmOpMaintElem" ("id","idOperation","idMaintenanceElement") VALUES (13,4,17);
INSERT INTO "mtmOpMaintElem" ("id","idOperation","idMaintenanceElement") VALUES (14,5,3);
INSERT INTO "mtmOpMaintElem" ("id","idOperation","idMaintenanceElement") VALUES (15,5,4);
INSERT INTO "mtmOpMaintElem" ("id","idOperation","idMaintenanceElement") VALUES (16,5,5);
INSERT INTO "mtmOpMaintElem" ("id","idOperation","idMaintenanceElement") VALUES (17,5,6);
INSERT INTO "mtmOpMaintElem" ("id","idOperation","idMaintenanceElement") VALUES (18,5,17);
INSERT INTO "mtmOpMaintElem" ("id","idOperation","idMaintenanceElement") VALUES (19,5,18);
INSERT INTO "mtmOpMaintElem" ("id","idOperation","idMaintenanceElement") VALUES (20,6,3);
INSERT INTO "mtmOpMaintElem" ("id","idOperation","idMaintenanceElement") VALUES (21,6,5);
INSERT INTO "mtmOpMaintElem" ("id","idOperation","idMaintenanceElement") VALUES (22,6,17);
INSERT INTO "mtmOpMaintElem" ("id","idOperation","idMaintenanceElement") VALUES (23,6,18);
INSERT INTO "mtmOpMaintElem" ("id","idOperation","idMaintenanceElement") VALUES (24,7,10);
INSERT INTO "mtmOpMaintElem" ("id","idOperation","idMaintenanceElement") VALUES (25,8,3);
INSERT INTO "mtmOpMaintElem" ("id","idOperation","idMaintenanceElement") VALUES (26,8,5);
INSERT INTO "mtmOpMaintElem" ("id","idOperation","idMaintenanceElement") VALUES (27,8,17);
INSERT INTO "mtmOpMaintElem" ("id","idOperation","idMaintenanceElement") VALUES (28,8,18);
INSERT INTO "mtmOpMaintElem" ("id","idOperation","idMaintenanceElement") VALUES (29,9,3);
INSERT INTO "mtmOpMaintElem" ("id","idOperation","idMaintenanceElement") VALUES (30,9,5);
INSERT INTO "mtmOpMaintElem" ("id","idOperation","idMaintenanceElement") VALUES (31,9,17);
INSERT INTO "mtmOpMaintElem" ("id","idOperation","idMaintenanceElement") VALUES (32,9,25);
INSERT INTO "mtmOperation" ("id","description","details","idOperationType","idMoto","km","date","location","owner","price","document") VALUES (1,'Compra moto','Compra hyosung GT125r 2006',6,2,0.0,'2006-09-12','Motos real (Ciudad Real)','Yo',3500.0,NULL);
INSERT INTO "mtmOperation" ("id","description","details","idOperationType","idMoto","km","date","location","owner","price","document") VALUES (2,'Revision','Aceite motor, filtro aceite, pastillas de freno',1,2,4000.0,'2006-11-15','Motos real (Ciudad Real)','Yo',102.0,NULL);
INSERT INTO "mtmOperation" ("id","description","details","idOperationType","idMoto","km","date","location","owner","price","document") VALUES (3,'Revision','Aceite motor, filtro aceite, sincronizar carburadores',1,2,8000.0,'2007-02-06','Motos real (Ciudad Real)','Yo',73.0,NULL);
INSERT INTO "mtmOperation" ("id","description","details","idOperationType","idMoto","km","date","location","owner","price","document") VALUES (4,'Revision','Aceite motor, filtro aceite, pastillas de freno delanteras y traseras',1,2,12000.0,'2007-06-20','Motos real (Ciudad Real)','Yo',137.0,NULL);
INSERT INTO "mtmOperation" ("id","description","details","idOperationType","idMoto","km","date","location","owner","price","document") VALUES (5,'Revision','Aceite motor, filtro aire y aceite, bujias, sincronizar carburadores',1,2,16000.0,'2007-09-10','Motos real (Ciudad Real)','Yo',141.0,NULL);
INSERT INTO "mtmOperation" ("id","description","details","idOperationType","idMoto","km","date","location","owner","price","document") VALUES (6,'Revision','Aceite motor, filtro aceite, limpiar filtro aire, ajuste riquezas en bajas',1,2,20300.0,'2007-11-26','Motos real (Ciudad Real)','Yo',80.0,NULL);
INSERT INTO "mtmOperation" ("id","description","details","idOperationType","idMoto","km","date","location","owner","price","document") VALUES (7,'Cambio kit de arrastre','Cambio kit de arrastre, pi침on, plato y cadena',1,2,23000.0,'2008-03-06','Motos real (Ciudad Real)','Yo',193.0,NULL);
INSERT INTO "mtmOperation" ("id","description","details","idOperationType","idMoto","km","date","location","owner","price","document") VALUES (8,'Revision','Aceite motor y filtro aceite, sincronizar carburadores',1,2,24000.0,'2008-04-18','Motos real (Ciudad Real)','Yo','104,5',NULL);
INSERT INTO "mtmOperation" ("id","description","details","idOperationType","idMoto","km","date","location","owner","price","document") VALUES (9,'Revision','Aceite motor, filtro aceite y cambio de tapa, separadores y discos de embrague',1,2,26000.0,'2008-08-12','Motos real (Ciudad Real)','Yo',215.0,NULL);
INSERT INTO "mtmMaintenanceFreq" ("id","code","description") VALUES (1,'O','ONCE');
INSERT INTO "mtmMaintenanceFreq" ("id","code","description") VALUES (2,'C','CALENDAR');
INSERT INTO "mtmOperationType" ("id","code","description") VALUES (1,'MW','MAINTENANCE_WORKSHOP');
INSERT INTO "mtmOperationType" ("id","code","description") VALUES (2,'FW','FAILURE_WORKSHOP');
INSERT INTO "mtmOperationType" ("id","code","description") VALUES (3,'C','CLOTHES');
INSERT INTO "mtmOperationType" ("id","code","description") VALUES (4,'T','TOOLS');
INSERT INTO "mtmOperationType" ("id","code","description") VALUES (5,'A','ACCESORIES');
INSERT INTO "mtmOperationType" ("id","code","description") VALUES (6,'O','OTHERS');
INSERT INTO "mtmOperationType" ("id","code","description") VALUES (7,'MH','MAINTENANCE_HOME');
INSERT INTO "mtmOperationType" ("id","code","description") VALUES (8,'FH','FAILURE_HOME');
COMMIT;
